<?xml version="1.0" encoding="ISO-8859-15"?>
<users>
  <!-- users -->
  <user>
    <id>1</id>
    <firstname>Gagul</firstname>
    <lastname>Fahlabashyan</lastname>
    <email>gagul@mail.ru</email>
    <password>$1$NZ1.SY1.$x4H0Ggfy9cK7Br.piAX7Q.</password>
    <gender>male</gender>
    <avatar/>
    <lat>55</lat>
    <lng>89</lng>
  </user>
  <user>
    <id>2</id>
    <firstname>Vardan</firstname>
    <lastname>Vardanyan</lastname>
    <email>vardan@mail.ru</email>
    <password>$1$RL5.GJ1.$HlnBAyvxa..wNnAk8iMjZ1</password>
    <gender>male</gender>
    <avatar/>
    <lat>55</lat>
    <lng>89</lng>
  </user>
  <user>
    <id>3</id>
    <firstname>Mariam</firstname>
    <lastname>Navasardyan</lastname>
    <email>mariam@mail.ru</email>
    <password>$1$zL0.Az..$bxC7vewhNMzZWn3.QZmtk0</password>
    <gender>female</gender>
    <avatar/>
    <lat>55</lat>
    <lng>89</lng>
  </user>
  <user>
    <id>4</id>
    <firstname>Jemma</firstname>
    <lastname>Saribekyan</lastname>
    <email>jemma@mail.ru</email>
    <password>$1$J6/.eY2.$fsZAK2MJTipOgqAKgYLtH1</password>
    <gender>female</gender>
    <avatar>5a18147052f302017-06-28 15.09.38.jpg</avatar>
    <lat>55</lat>
    <lng>89</lng>
  </user>
  <user>
    <id>5</id>
    <firstname>Aram</firstname>
    <lastname>Nazaryan</lastname>
    <email>aram314159265@gmail.com</email>
    <password>$1$1y0..I3.$xWnVcfbQHVgL3/n6OpXZz/</password>
    <gender>male</gender>
    <avatar/>
    <lat></lat>
    <lng></lng>
  </user>
  <user>
    <id>6</id>
    <firstname>Marine</firstname>
    <lastname>Hakobyan</lastname>
    <email>marine@mail.ru</email>
    <password>$1$Yi/.Bo4.$B3h6r79fVky6K6zhWc9.a/</password>
    <gender>female</gender>
    <avatar>5a218c501c0b72017-06-28 15.09.38.jpg</avatar>
    <lat/>
    <lng/>
  </user>
</users>
